-- MySQL dump 10.13  Distrib 5.5.40, for debian-linux-gnu (i686)
--
-- Host: localhost    Database: rrdb
-- ------------------------------------------------------
-- Server version	5.5.40-0ubuntu0.14.04.1

/*!40101 SET @OLD_CHARACTER_SET_CLIENT=@@CHARACTER_SET_CLIENT */;
/*!40101 SET @OLD_CHARACTER_SET_RESULTS=@@CHARACTER_SET_RESULTS */;
/*!40101 SET @OLD_COLLATION_CONNECTION=@@COLLATION_CONNECTION */;
/*!40101 SET NAMES utf8 */;
/*!40103 SET @OLD_TIME_ZONE=@@TIME_ZONE */;
/*!40103 SET TIME_ZONE='+00:00' */;
/*!40014 SET @OLD_UNIQUE_CHECKS=@@UNIQUE_CHECKS, UNIQUE_CHECKS=0 */;
/*!40014 SET @OLD_FOREIGN_KEY_CHECKS=@@FOREIGN_KEY_CHECKS, FOREIGN_KEY_CHECKS=0 */;
/*!40101 SET @OLD_SQL_MODE=@@SQL_MODE, SQL_MODE='NO_AUTO_VALUE_ON_ZERO' */;
/*!40111 SET @OLD_SQL_NOTES=@@SQL_NOTES, SQL_NOTES=0 */;

--
-- Table structure for table `CourseDetail`
--

DROP TABLE IF EXISTS `CourseDetail`;
/*!40101 SET @saved_cs_client     = @@character_set_client */;
/*!40101 SET character_set_client = utf8 */;
CREATE TABLE `CourseDetail` (
  `kcdm` char(50) NOT NULL,
  `kcmc` char(50) NOT NULL,
  `xf` char(50) NOT NULL,
  `xn` char(50) NOT NULL,
  `xq` char(50) NOT NULL,
  `lb` char(50) NOT NULL,
  PRIMARY KEY (`kcdm`)
) ENGINE=InnoDB DEFAULT CHARSET=utf8;
/*!40101 SET character_set_client = @saved_cs_client */;

--
-- Dumping data for table `CourseDetail`
--

LOCK TABLES `CourseDetail` WRITE;
/*!40000 ALTER TABLE `CourseDetail` DISABLE KEYS */;
INSERT INTO `CourseDetail` VALUES ('061B0020','复变函数与积分变换','1.5','二','秋','1'),('061B0090','偏微分方程','2.0','二','冬','1'),('061B0160','随机过程','1.5','二','夏','1'),('061B9090','概率论与数理统计','2.5','二','秋冬','1'),('061Z0030','数学分析III','3.0','二','秋冬','1'),('101C0080','电路原理（乙）','3.0','二','秋冬','1'),('101C0090','电路原理实验（乙）','1.0','二','秋冬','1'),('101C0110','模拟电子技术基础','3.0','二','秋冬','1'),('101C0120','模拟电子技术基础实验','1.0','二','冬','1'),('111C0062','信号与系统（乙）','3.0','二','春夏','1'),('111C0070','信号与系统实验','0.5','二','春夏','1'),('21120050','操作系统原理','3.0','三','秋冬','0'),('21120100','多媒体技术','2.0','三','夏','2'),('21120261','软件工程','2.5','三','春夏','0'),('21120302','数据库系统设计','2.0','三','秋','4'),('21120360','操作系统分析及实验','2.0','三','冬','0'),('21120460','毕业论文（设计）','8.0','四','春夏','0'),('21120470','编译原理','2.0','三','春','0'),('21120490','高级数据结构与算法分析','1.5','二','冬','0'),('21120501','汇编与接口','3.0','三','秋冬','4'),('21120510','计算机图形学','2.5','三','秋','2'),('21120520','计算理论','2.0','三','秋冬','0'),('21120600','图象信息处理','2.5','三','秋','2'),('21120670','工程实践','2.0','三','短','0'),('21120850','计算机网络基础','3.5','三','春夏','0'),('21120860','科研实践I','2.0','四','秋冬','4'),('21120870','科研实践II','4.0','四','秋冬','4'),('21120970','专题研讨','2.0','三','秋冬','4'),('21121140','数字视音频处理','2.5','三','秋冬','3'),('21121150','应用运筹学基础','3.5','三','秋冬','2'),('21121160','Java应用技术','2.5','三','秋冬','2'),('21121170','B/S体系软件设计','3.5','三','春夏','2'),('21121190','电子商务系统结构','2.5','三','秋','3'),('21121230','智能终端软件开发','2.0','三','秋','2'),('21121240','流计算与GPGPU软件开发','2.0','四','秋','2'),('21121260','片上系统设计与实现','3.0','三','春夏','2'),('21121270','计算机图形学研究进展','4.0','三','春夏','2'),('21121280','信息可视化','2.0','三','冬','2'),('21186033','计算机组成','4.5','二','春夏','0'),('21190120','算法设计与分析','2.5','三','夏','2'),('21190160','信息系统安全','2.5','三','冬','2'),('21190170','信息安全综合实验','1.0','四','秋','2'),('21190180','密码学','2.5','三','秋','2'),('21190190','信息隐藏与数字水印','2.5','三','春','2'),('21190640','数值分析','3.0','三','秋冬','2'),('21190700','计算机前沿技术讲座','1.0','四','秋冬','4'),('21190770','人工智能','2.0','三','春','2'),('21190831','嵌入式系统','2.5','三','夏','4'),('21190840','软件体系结构','2.0','三','春','2'),('21190850','信息安全原理','2.0','二','春','2'),('21190900','网络系统设计与工程','2.0','三','夏','4'),('21190911','计算机游戏程序设计','2.5','四','秋','3'),('21190961','编译系统设计','2.0','三','夏','4'),('21191040','计算机安全','2.0','四','冬','2'),('21191050','计算机动画','2.5','四','秋冬','3'),('21191062','计算机体系结构','3.5','三','春夏','0'),('21191070','计算机视觉','2.0','三','冬','2'),('21191080','接口实验','1.5','三','秋冬','4'),('21191340','数字媒体后期制作','2.0','四','秋','3'),('21191370','虚拟现实与数字娱乐','2.0','四','春夏','3'),('21191441','数据挖掘导论','2.0','三','夏','2'),('21191480','现代存储技术基础','1.5','三','秋冬','2'),('21191531','并行计算与多核编程','2.5','三','冬','2'),('21191580','网络安全原理与实践','2.0','三','夏','2'),('21191581','网络安全原理与实践','2.5','三','夏','2'),('211B0010','离散数学及其应用','4.0','一','春夏','0'),('211C0010','面向对象程序设计','2.5','二','春夏','0'),('211C0020','数据结构基础','2.5','二','秋','0'),('211C0030','数据库系统原理','2.5','二','春','0'),('211C0041','逻辑与计算机设计基础','4.0','二','秋冬','0'),('22120320','服务科学导论','2.0','二','春','3'),('22188030','课程综合实践I','2.0','一','短','0'),('22188040','课程综合实践II','2.0','二','短','0'),('22188080','软件工程实践','1.5','三','夏','2');
/*!40000 ALTER TABLE `CourseDetail` ENABLE KEYS */;
UNLOCK TABLES;

--
-- Table structure for table `CourseInfo`
--

DROP TABLE IF EXISTS `CourseInfo`;
/*!40101 SET @saved_cs_client     = @@character_set_client */;
/*!40101 SET character_set_client = utf8 */;
CREATE TABLE `CourseInfo` (
  `jsxm` char(50) NOT NULL DEFAULT '',
  `kcdm` char(50) NOT NULL DEFAULT '',
  `kcmc` char(50) DEFAULT NULL,
  `kclb` char(50) DEFAULT NULL,
  `zxs` char(50) DEFAULT NULL,
  `xf` char(50) DEFAULT NULL,
  `sksj` char(100) NOT NULL DEFAULT '',
  `skdd` char(100) DEFAULT NULL,
  `xq` char(50) DEFAULT NULL,
  PRIMARY KEY (`jsxm`,`sksj`)
) ENGINE=InnoDB DEFAULT CHARSET=utf8;
/*!40101 SET character_set_client = @saved_cs_client */;

--
-- Dumping data for table `CourseInfo`
--

LOCK TABLES `CourseInfo` WRITE;
/*!40000 ALTER TABLE `CourseInfo` DISABLE KEYS */;
INSERT INTO `CourseInfo` VALUES ('于金辉','21191050','计算机动画','专业课','2.0-1.0','2.5','周三第9,10节{双周}|周一第7,8节','玉泉曹光彪西-304|玉泉曹光彪二期-204(多)','秋冬'),('伍赛','21120050','操作系统原理','专业课','3.0-0.0','3.0','周二第3,4,5节','玉泉曹光彪二期-201(多)','秋冬'),('何钦铭','21120490','高级数据结构与算法分析','专业课','2.0-2.0','1.5','周二第7,8节|周二第9,10节','紫金港西2-413(多)|紫金港机房1','冬'),('何钦铭','211C0020','数据结构基础','大类中的工程技术类','4.0-2.0','2.5','周二第7,8节|周二第9,10节|周四第1,2节','紫金港西2-217(多)#|紫金港机房1|紫金港西2-217(多)#','秋'),('冯雁','21120490','高级数据结构与算法分析','专业课','2.0-2.0','1.5','周二第7,8节|周二第9,10节','紫金港西1-302(多)|紫金港机房1','冬'),('冯雁','211C0020','数据结构基础','大类中的工程技术类','4.0-2.0','2.5','周二第7,8节|周二第9,10节|周四第1,2节','紫金港西1-416(多)|紫金港机房1|紫金港西1-416(多)','秋'),('刘海风','211C0041','逻辑与计算机设计基础','大类中的工程技术类','3.0-2.0','4.0','周一第7,8节|周三第3,4,5节','紫金港东4-509|紫金港西1-207(多)','秋冬'),('刘玉生','21190700','计算机前沿技术讲座','专业课','1.0-0.0','1.0','周五第3,4节{双周}','玉泉曹光彪二期-205(多)','秋冬'),('华炜|王锐','21190911','计算机游戏程序设计','专业课','4.0-2.0','2.5','周一第9,10节|周一第3,4节|周三第3,4节','玉泉曹光彪西-503|玉泉曹光彪二期-204(多)|玉泉曹光彪二期-204(多)','秋'),('卜佳俊','21120490','高级数据结构与算法分析','专业课','2.0-2.0','1.5','周二第7,8节|周二第9,10节','紫金港西2-301(多)|紫金港机房1','冬'),('古红英','211C0010','面向对象程序设计','大类中的工程技术类','2.0-1.0','2.5','周一第3,4节{双周}|周三第7,8节','紫金港机房1|紫金港西1-509(多)','秋冬'),('吴国桢','061B9090','概率论与数理统计','大类中的自然科学类','2.0-1.0','2.5','周一第3,4,5节','紫金港西1-101(多)','秋冬'),('吴国桢','061B9090','概率论与数理统计','大类中的自然科学类','2.0-1.0','2.5','周一第6节|周一第7,8节','紫金港西1-101(多)','秋冬'),('吴建军','061B9090','概率论与数理统计','大类中的自然科学类','2.0-1.0','2.5','周二第3,4,5节','紫金港西1-105(多)','秋冬'),('吴建军','061B9090','概率论与数理统计','大类中的自然科学类','2.0-1.0','2.5','周二第6节|周二第7,8节','紫金港西1-106(多)','秋冬'),('吴春明','21190180','密码学','无','4.0-2.0','2.5','周六第11,12节|周一第11,12节|周五第11,12节','玉泉曹光彪西-503|玉泉教7-102(多)|玉泉教7-102(多)','秋'),('外聘1|朱建科','22188040','课程综合实践Ⅱ','无','+2','2.0','无','无','短'),('外聘1|陈文智','21120670','工程实践','专业课','+2','2.0','无','无','短'),('姚琤','21191340','数字媒体后期制作','专业课','0.0-8.0','2.0','周四第1,2,3,4节|周四第7,8,9,10节','玉泉曹光彪西-304|玉泉曹光彪西-304','秋'),('孙业顺','061B0020','复变函数与积分变换','大类中的自然科学类','2.0-2.0','1.5','周二第1,2节|周五第3,4节','紫金港西2-205(多)|紫金港西2-205(多)','秋'),('孙丹岭','21191080','接口实验','专业课','0.0-3.0','1.5','周六第6,7,8节','玉泉曹光彪西-501','秋冬'),('孙建伶','21120302','数据库系统设计','无','2.0-4.0','2.0','周六第7,8,9,10节|周二第9,10节','玉泉曹光彪西-503|玉泉曹光彪二期-104(多)','秋'),('季江民','21120050','操作系统原理','专业课','3.0-0.0','3.0','周四第3,4,5节','玉泉曹光彪二期-101(多)','秋冬'),('季江民','21120360','操作系统分析及实验','专业课','2.0-4.0','2.0','周日第2,3,4,5节|周二第1,2节','玉泉曹光彪西-503|玉泉曹光彪二期-103(多)','冬'),('季江民','21120360','操作系统分析及实验','专业课','2.0-4.0','2.0','周日第7,8,9,10节|周二第9,10节','玉泉曹光彪西-503|玉泉曹光彪二期-103(多)','冬'),('季江民','22188040','课程综合实践Ⅱ','无','+2','2.0','无','无','短'),('寿黎但','21120360','操作系统分析及实验','专业课','2.0-4.0','2.0','周六第2,3,4,5节|周一第7,8节','玉泉曹光彪西-503|玉泉曹光彪二期-201(多)','冬'),('应文隆','061B0020','复变函数与积分变换','大类中的自然科学类','2.0-2.0','1.5','周一第1,2节|周五第1,2节','紫金港西1-101(多)|紫金港西1-101(多)','秋'),('应文隆','061B0020','复变函数与积分变换','大类中的自然科学类','2.0-2.0','1.5','周一第3,4节|周五第3,4节','紫金港西1-105(多)|紫金港西1-106(多)','秋'),('应文隆','061B0020','复变函数与积分变换','大类中的自然科学类','2.0-2.0','1.5','周三第1,2节|周五第1,2节','玉泉教7-504(多)|玉泉教7-504(多)','冬'),('应文隆','061B0090','偏微分方程','大类中的自然科学类','4.0-0.0','2.0','周二第1,2节|周四第3,4节','紫金港西2-205(多)|紫金港西2-205(多)','冬'),('应文隆','061B0090','偏微分方程','大类中的自然科学类','4.0-0.0','2.0','周二第3,4节|周四第1,2节','紫金港西2-205(多)|紫金港西2-205(多)','冬'),('张南松','061B9090','概率论与数理统计','大类中的自然科学类','2.0-1.0','2.5','周五第3,4,5节','紫金港西1-101(多)','秋冬'),('张南松','061B9090','概率论与数理统计','大类中的自然科学类','2.0-1.0','2.5','周四第3,4,5节','紫金港西1-101(多)','秋冬'),('张国川','21120490','高级数据结构与算法分析','专业课','2.0-2.0','1.5','周二第7,8节|周二第9节|周二第10节','紫金港西1-502(多)|紫金港西1-502(多)|紫金港计算中心机房(总）','冬'),('张国川','21121150','应用运筹学基础','专业课','3.0-1.0','3.5','周四第9,10节{双周}|周四第6,7,8节','玉泉曹光彪西-503|玉泉曹光彪二期-101(多)','秋冬'),('张宏鑫','21120510','计算机图形学','专业课','4.0-2.0','2.5','周四第11,12节|周一第7,8节|周五第1,2节','玉泉曹光彪西-304|玉泉曹光彪二期-103(多)|玉泉曹光彪二期-103(多)','秋'),('张帼奋','061B0160','随机过程','大类中的自然科学类','3.0-0.0','1.5','周五第3,4,5节','紫金港西1-217(多)','冬'),('张帼奋','061B9090','概率论与数理统计','大类中的自然科学类','2.0-1.0','2.5','周六第6,7,8节','紫金港西2-102(多)','秋冬'),('张帼奋','061B9090','概率论与数理统计','大类中的自然科学类','2.0-1.0','2.5','周四第3,4,5节','紫金港西1-105(多)','秋冬'),('张帼奋','061B9090','概率论与数理统计','大类中的自然科学类','2.0-1.0','2.5','周四第6节|周四第7,8节','紫金港西1-105(多)','秋冬'),('张挺','061B0090','偏微分方程','大类中的自然科学类','4.0-0.0','2.0','周一第3,4节|周五第3,4节','紫金港西2-313(多)|紫金港西2-313(多)','冬'),('张挺','061B0090','偏微分方程','大类中的自然科学类','4.0-0.0','2.0','周三第3,4节|周五第1,2节','紫金港西1-106(多)|紫金港西1-106(多)','冬'),('张朋','061B9090','概率论与数理统计','大类中的自然科学类','2.0-1.0','2.5','周三第6节|周三第7,8节','紫金港西1-101(多)','秋冬'),('张朋','061B9090','概率论与数理统计','大类中的自然科学类','2.0-1.0','2.5','周五第3,4,5节','紫金港西1-105(多)','秋冬'),('张泉方','21120050','操作系统原理','专业课','3.0-0.0','3.0','周三第6,7,8节','玉泉曹光彪二期-101(多)','秋冬'),('张泉方','21190900','网络系统设计与工程','专业课','2.0-4.0','2.0','周二第6,9,10节|周二第11节|周二第7,8节','玉泉曹光彪西-304|玉泉曹光彪西-304|玉泉曹光彪西-304','秋'),('张泉方','21120850','计算机网络基础','无','3.0-1.0','3.5','周五第11,12节{单周}|周二第3,4,5节','玉泉曹光彪西-304|玉泉教4-409(多)','秋冬'),('徐翔','061B0020','复变函数与积分变换','大类中的自然科学类','2.0-2.0','1.5','周一第1,2节|周四第1,2节','紫金港西2-105(多)|紫金港西2-105(多)','秋'),('徐翔','061B0020','复变函数与积分变换','大类中的自然科学类','2.0-2.0','1.5','周一第3,4节|周三第1,2节','紫金港西2-313(多)|紫金港西2-313(多)','秋'),('徐翔','061B0090','偏微分方程','大类中的自然科学类','4.0-0.0','2.0','周二第1,2节|周五第3,4节','紫金港西1-106(多)|紫金港西1-106(多)','冬'),('徐镜春','21120490','高级数据结构与算法分析','专业课','2.0-2.0','1.5','周二第7,8节|周二第9,10节','紫金港机房1|紫金港东1B-306(多)','冬'),('徐镜春','211C0020','数据结构基础','大类中的工程技术类','4.0-2.0','2.5','周二第9,10节|周五第1,2节|周五第3,4节','紫金港西1-102(多)|紫金港西1-102(多)|紫金港机房1','秋'),('施青松','211C0041','逻辑与计算机设计基础','大类中的工程技术类','3.0-2.0','4.0','周一第11,12节|周一第6,7,8节','紫金港东4-509|紫金港西2-214(多)#','秋冬'),('朱建科','211C0020','数据结构基础','大类中的工程技术类','4.0-2.0','2.5','周日第7,8节|周日第9,10节|周日第11,12节','紫金港西2-201(多)*|紫金港机房|紫金港西2-201(多)*','秋'),('朱建科|何晓飞','21120970','专题研讨','无','2.0-0.0','2.0','周一第9,10节','玉泉教4-403(多)','秋冬'),('李亚民|施青松','22188040','课程综合实践Ⅱ','无','+2','2.0','无','无','短'),('李善平','21120360','操作系统分析及实验','专业课','2.0-4.0','2.0','周三第7,8,9,10节|周二第9,10节','玉泉曹光彪西-503|玉泉曹光彪二期-101(多)','冬'),('李善平','21120050','操作系统原理','专业课','3.0-0.0','3.0','周四第3,4,5节','玉泉曹光彪二期-103(多)','秋冬'),('李明','211B0010','离散数学及其应用','大类中的自然科学类','4.0-0.0','4.0','周三第1,2节|周五第1,2节','玉泉曹光彪二期-103(多)|玉泉曹光彪二期-101(多)','秋冬'),('李玉玲','101C0080','电路原理（乙）','大类中的工程技术类','3.0-0.0','3.0','周一第11,12,13节','紫金港东1B-202(多)','秋冬'),('李石坚','21121230','智能终端软件开发','无','2.0-4.0','2.0','周日第2,3,4,5节|周三第9,10节','玉泉曹光彪西-501|玉泉曹光彪二期-101(多)','秋'),('李莹','21120470','编译原理','专业课','4.0-0.0','2.0','周一第1,2节|周三第9,10节','玉泉曹光彪二期-201(多)|玉泉曹光彪二期-201(多)','冬'),('李际军','22188040','课程综合实践Ⅱ','无','+2','2.0','无','无','短'),('杨勋年','061B0020','复变函数与积分变换','大类中的自然科学类','2.0-2.0','1.5','周二第1,2节|周四第3,4节','紫金港西1-306(多)|紫金港西1-306(多)','秋'),('杨勋年','061B0020','复变函数与积分变换','大类中的自然科学类','2.0-2.0','1.5','周二第3,4节|周四第1,2节','紫金港西2-205(多)|紫金港西2-205(多)','秋'),('杨海涛','061B0020','复变函数与积分变换','大类中的自然科学类','2.0-2.0','1.5','周一第1,2节|周五第1,2节','紫金港西2-205(多)|紫金港西2-205(多)','秋'),('杨莹春','21120520','计算理论','专业课','2.0-0.0','2.0','周一第3,4节','玉泉曹光彪二期-103(多)','秋冬'),('杨莹春|肖俊|邵健','21121140','数字视音频处理','专业课','2.0-1.0','2.5','周六第11,12节{双周}|周一第7,8节','玉泉曹光彪西-304|玉泉曹光彪二期-101(多)','秋冬'),('楼学庆','21191080','接口实验','专业课','0.0-3.0','1.5','周三第11,12,13节','玉泉曹光彪西-501','秋冬'),('楼学庆','21120501','汇编与接口','无','3.0-0.0','3.0','周三第3,4,5节','玉泉曹光彪二期-103(多)','秋冬'),('楼学庆','21120501','汇编与接口','无','3.0-0.0','3.0','周三第6,7,8节','玉泉曹光彪二期-103(多)','秋冬'),('楼学庆','21191531','并行计算与多核编程','专业课','4.0-2.0','2.5','周五第1,2节|周二第11,12节|周四第7,8节','玉泉曹光彪西-304|玉泉曹光彪二期-103(多)|玉泉曹光彪二期-103(多)','冬'),('楼学庆','21190160','信息系统安全','无','4.0-2.0','2.5','周六第11,12节|周二第7,8节|周四第9,10节','曹光彪西503|玉泉曹光彪二期-101(多)|玉泉曹光彪二期-101(多)','冬'),('楼学庆','21191080','接口实验','专业课','0.0-3.0','1.5','周四第11,12,13节','玉泉曹光彪西-501','秋冬'),('楼学庆','21121230','智能终端软件开发','无','2.0-4.0','2.0','周四第7,8,9,10节|周三第9,10节','玉泉曹光彪西-501|玉泉曹光彪二期-103(多)','秋'),('楼学庆','21121160','Java应用技术','无','2.0-1.0','2.5','周日第11,12节{双周}|周一第1,2节','玉泉曹光彪西-503|玉泉曹光彪二期-103(多)','秋冬'),('樊伟敏','101C0120','模拟电子技术基础实验','大类中的工程技术类','0.0-4.0','1.0','无','无','短'),('沈红','101C0110','模拟电子技术基础','大类中的工程技术类','3.0-0.0','3.0','周三第11,12,13节','玉泉教7-206(多)','秋冬'),('潘纲','21191070','计算机视觉','专业课','4.0-0.0','2.0','周二第7,8节|周四第9,10节','玉泉曹光彪二期-103(多)|玉泉曹光彪二期-103(多)','冬'),('王伟','061B0090','偏微分方程','大类中的自然科学类','4.0-0.0','2.0','周一第1,2节|周三第1,2节','紫金港西1-404(多)|紫金港西1-404(多)','冬'),('王总辉','211C0041','逻辑与计算机设计基础','大类中的工程技术类','3.0-2.0','4.0','周五第3,4节|周三第3,4,5节','紫金港东4-509|紫金港西2-515(多)','秋冬'),('王成波','061B0090','偏微分方程','大类中的自然科学类','4.0-0.0','2.0','周二第1,2节|周五第1,2节','紫金港西2-105(多)|紫金港西2-105(多)','冬'),('王秀云','061B0160','随机过程','大类中的自然科学类','3.0-0.0','1.5','周二第3,4,5节','玉泉教4-404(多)','冬'),('王秀云','061B0160','随机过程','大类中的自然科学类','3.0-0.0','1.5','周四第6,7,8节','玉泉教1-234(多)','冬'),('王跃明','211C0041','逻辑与计算机设计基础','大类中的工程技术类','3.0-2.0','4.0','周三第9,10节|周一第6,7,8节','紫金港东4-509|紫金港西2-216(多)','秋冬'),('童若锋','21120510','计算机图形学','专业课','4.0-2.0','2.5','周三第11,12节|周三第1,2节|周五第1,2节','玉泉曹光彪西-304|玉泉曹光彪二期-204(多)|玉泉曹光彪二期-204(多)','秋'),('童若锋','21190640','数值分析','专业课','2.5-1.0','3.0','周四第11,12节{双周}|周三第3,4节|周三第5节{双周}','玉泉曹光彪西-503|玉泉曹光彪二期-101(多)|玉泉曹光彪二期-101(多)','秋冬'),('翁恺','21121160','Java应用技术','无','2.0-1.0','2.5','周日第11,12节{单周}|周三第1,2节','玉泉曹光彪西-503|玉泉曹光彪二期-101(多)','秋冬'),('聂曼','101C0090','电路原理实验（乙）','大类中的工程技术类','0.0-4.0','1.0','无','无','短'),('胡兰青','211C0010','面向对象程序设计','大类中的工程技术类','2.0-1.0','2.5','周二第1,2节|周四第11,12节{单周}','紫金港西2-104(多)|紫金港机房1','秋冬'),('胡天磊','21190850','信息安全原理','无','4.0-0.0','2.0','周一第1,2节|周三第3,4节','玉泉曹光彪二期-204(多)|玉泉曹光彪二期-204(多)','冬'),('胡敏','211C0030','数据库系统原理','大类中的工程技术类','2.0-1.0','2.5','周四第1,2节|周四第3,4节{双周}','紫金港西2-417(多)*|紫金港机房1','秋冬'),('董亚波','211C0041','逻辑与计算机设计基础','大类中的工程技术类','3.0-2.0','4.0','周四第11,12节|周一第6,7,8节','紫金港东4-509|紫金港西1-302(多)','秋冬'),('蔡铭','21121230','智能终端软件开发','无','2.0-4.0','2.0','周日第7,8,9,10节|周五第3,4节','玉泉曹光彪西-501|玉泉曹光彪二期-101(多)','秋'),('袁昕','22188040','课程综合实践Ⅱ','无','+2','2.0','无','无','短'),('赵敏智','061B9090','概率论与数理统计','大类中的自然科学类','2.0-1.0','2.5','周三第3,4,5节','紫金港西2-101(多)','秋冬'),('赵敏智','061B9090','概率论与数理统计','大类中的自然科学类','2.0-1.0','2.5','周三第6节|周三第7,8节','紫金港西2-101(多)','秋冬'),('邢卫','21120050','操作系统原理','专业课','3.0-0.0','3.0','周四第3,4,5节','玉泉曹光彪二期-201(多)','秋冬'),('邢卫','21120670','工程实践','专业课','+2','2.0','无','无','短'),('郑小林','21121190','电子商务系统结构','无','4.0-2.0','2.5','周二第11,12节|周二第7,8节|周四第9,10节','玉泉曹光彪西-503|玉泉曹光彪二期-101(多)|玉泉曹光彪二期-101(多)','秋'),('郑志浩','061B9090','概率论与数理统计','大类中的自然科学类','2.0-1.0','2.5','周四第3,4,5节','紫金港西2-101(多)','秋冬'),('郑志浩','061B9090','概率论与数理统计','大类中的自然科学类','2.0-1.0','2.5','周四第6节|周四第7,8节','紫金港西2-101(多)','秋冬'),('金小刚','21120520','计算理论','专业课','2.0-0.0','2.0','周五第3,4节','玉泉曹光彪二期-103(多)','秋冬'),('陆汉权','211C0041','逻辑与计算机设计基础','大类中的工程技术类','3.0-2.0','4.0','周四第7,8节|周一第6,7,8节','紫金港东4-509|紫金港西2-515(多)','秋冬'),('陆魁军','21120850','计算机网络基础','无','3.0-1.0','3.5','周六第11,12节{单周}|周三第6,7,8节','玉泉曹光彪西-304|玉泉曹光彪二期-201(多)','秋冬'),('陆魁军','21120501','汇编与接口','无','3.0-0.0','3.0','周四第6,7,8节','玉泉曹光彪二期-205(多)','秋冬'),('陆魁军','21191080','接口实验','专业课','0.0-3.0','1.5','周日第11,12,13节','玉泉曹光彪西-501','秋冬'),('陈为','21121280','信息可视化','无','4.0-0.0','2.0','周一第9,10节|周三第9,10节','玉泉曹光彪二期-103(多)|玉泉曹光彪二期-103(多)','冬'),('陈刚','21120302','数据库系统设计','无','2.0-4.0','2.0','周日第7,8,9,10节|周二第9,10节','玉泉曹光彪西-503|玉泉曹光彪二期-103(多)','秋'),('陈华钧','21191480','现代存储技术基础','无','3.0-0.0','1.5','周一第6,7,8节','玉泉曹光彪二期-103(多)','冬'),('陈岭','21120302','数据库系统设计','无','2.0-4.0','2.0','周六第2,3,4,5节|周二第9,10节','玉泉曹光彪西-503|玉泉曹光彪二期-101(多)','秋'),('陈文智','21120860','科研实践I','无','2.0-0.0','2.0','周五第11,12节','玉泉教3-403(普)','秋冬'),('陈文智','21120870','科研实践II','无','4.0-0.0','4.0','周六第11,12节|周日第11,12节','玉泉曹光彪二期-104(多)|玉泉曹光彪二期-104(多)','秋冬'),('陈越','21120490','高级数据结构与算法分析','专业课','2.0-2.0','1.5','周二第7,8节|周二第9,10节','紫金港西2-512(多)|紫金港机房1','冬'),('陈越','211C0020','数据结构基础','大类中的工程技术类','4.0-2.0','2.5','周二第7,8节|周二第9,10节|周四第1,2节','紫金港西2-415(多)|紫金港机房|紫金港西2-415(多)','秋'),('陈越','21190640','数值分析','专业课','2.5-1.0','3.0','周四第11,12节{单周}|周三第3,4节|周三第5节{双周}','玉泉曹光彪西-503|玉泉教5-403(多)|玉泉教5-403(多)','秋冬'),('顾宗华','21190160','信息系统安全','无','4.0-2.0','2.5','周五第11,12节|周二第7,8节|周四第9,10节','玉泉曹光彪西-503|玉泉曹光彪二期-201(多)|玉泉曹光彪二期-201(多)','冬'),('首山雄','21120501','汇编与接口','无','3.0-0.0','3.0','周三第3,4,5节','玉泉曹光彪二期-201(多)','秋冬'),('魏宝刚','211C0020','数据结构基础','大类中的工程技术类','4.0-2.0','2.5','周一第1,2节|周四第7,8节|周四第9,10节','紫金港西2-216(多)|紫金港西2-216(多)|紫金港机房','秋'),('魏宝刚','21120490','高级数据结构与算法分析','专业课','2.0-2.0','1.5','周四第7,8节|周四第9,10节','紫金港西2-501(多)|紫金港机房1','冬'),('鲍虎军','21120970','专题研讨','无','2.0-0.0','2.0','周一第11,12节','玉泉教7-104(多)','秋冬'),('黄忠东','211C0030','数据库系统原理','大类中的工程技术类','2.0-1.0','2.5','周四第9,10节{双周}|周五第1,2节','紫金港机房1|紫金港西1-314(多)','秋冬'),('黄正谦','21190900','网络系统设计与工程','专业课','2.0-4.0','2.0','周一第6,9,10节|周一第11节|周一第7,8节','玉泉曹光彪西-304|玉泉曹光彪西-304|玉泉曹光彪西-304','秋'),('黄炜','061B9090','概率论与数理统计','大类中的自然科学类','2.0-1.0','2.5','周二第3,4,5节','紫金港西1-101(多)','秋冬'),('黄炜','061B9090','概率论与数理统计','大类中的自然科学类','2.0-1.0','2.5','周二第6节|周二第7,8节','紫金港西1-101(多)','秋冬');
/*!40000 ALTER TABLE `CourseInfo` ENABLE KEYS */;
UNLOCK TABLES;

--
-- Table structure for table `LBConstraint`
--

DROP TABLE IF EXISTS `LBConstraint`;
/*!40101 SET @saved_cs_client     = @@character_set_client */;
/*!40101 SET character_set_client = utf8 */;
CREATE TABLE `LBConstraint` (
  `lb` char(50) NOT NULL,
  `lbmc` char(50) NOT NULL,
  `xfxz` char(50) NOT NULL,
  PRIMARY KEY (`lb`)
) ENGINE=InnoDB DEFAULT CHARSET=utf8;
/*!40101 SET character_set_client = @saved_cs_client */;

--
-- Dumping data for table `LBConstraint`
--

LOCK TABLES `LBConstraint` WRITE;
/*!40000 ALTER TABLE `LBConstraint` DISABLE KEYS */;
INSERT INTO `LBConstraint` VALUES ('1','大类专业选修课程','3.5'),('2','本专业模块课程','16.0'),('3','跨专业模块课程','4.5'),('4','专业选修课程','11.5');
/*!40000 ALTER TABLE `LBConstraint` ENABLE KEYS */;
UNLOCK TABLES;
/*!40103 SET TIME_ZONE=@OLD_TIME_ZONE */;

/*!40101 SET SQL_MODE=@OLD_SQL_MODE */;
/*!40014 SET FOREIGN_KEY_CHECKS=@OLD_FOREIGN_KEY_CHECKS */;
/*!40014 SET UNIQUE_CHECKS=@OLD_UNIQUE_CHECKS */;
/*!40101 SET CHARACTER_SET_CLIENT=@OLD_CHARACTER_SET_CLIENT */;
/*!40101 SET CHARACTER_SET_RESULTS=@OLD_CHARACTER_SET_RESULTS */;
/*!40101 SET COLLATION_CONNECTION=@OLD_COLLATION_CONNECTION */;
/*!40111 SET SQL_NOTES=@OLD_SQL_NOTES */;

-- Dump completed on 2015-04-17 16:33:01
